title,summary,donor,geographic_location,deadline,view_grant,application_link,grant_page_url,source_listing_url
2026 Call for Projects to Support Writing and (Co)Productions,"Deadline: 02-Apr-2026 The Organisation internationale de la Francophonie (OIF) has launched its 2026 Call for Projects to support the writing and (co)production of French-language creative works. Grants ranging from €7,000 to €20,000 are available for projects in book publishing, live performance, and cinema-audiovisual production. The initiative aims to strengthen international collaboration, cultural diversity, and global",International Organisation of the Francophonie,cultural organizations and entities operating within the Francophone community,02-Apr-2026,view grant link,https://www.francophonie.org/ecritures-et-coproductions-8394,https://www2.fundsforngos.org/arts-culture/2026-call-for-projects-to-support-writing-and-coproductions/,https://www2.fundsforngos.org/tag/lebanon/
Arts Across Canada and Abroad: Connecting Canadian Artists Globally,"Deadline: 22-Apr-2026 The Arts Across Canada and Abroad program helps Canadian artists and arts organizations present, promote, and share artistic work across Canada and internationally. It supports activities such as translation, promotional expenses, and artistic presentations, with funding of up to $20,000 for translation, up to $2,000 for promotion, and a maximum of $44,000 per",Canada Council for the Arts,a broad range of applicants involved in the Canadian arts and cultural sector.,22-Apr-2026,view grant link,https://cca-internal-cac-interne.my.site.com/s/fundingopportunity/119JQ000003Vz5eYAC/6607?language=en_US,https://www2.fundsforngos.org/arts-culture/arts-across-canada-and-abroad-connecting-canadian-artists-globally/,https://www2.fundsforngos.org/tag/lebanon/
Call for Creative Submissions: KKI April 2026 Edition,"Deadline: 20-Mar-2026 Kavya Kishor International (KKI) invites global writers, poets, translators, and visual artists to submit original, unpublished works for the April 2026 edition. Submissions include poetry, short stories, essays, translations, and visual arts, providing an inclusive platform for cultural exchange, creativity, and global visibility. About the Submission Call Kavya Kishor International (KKI) welcomes contributions",KKI,,20-Mar-2026,view grant link,https://en.kavyakishor.com/2026/03/07/call-for-submissions-kki-april-2026-edition/#Submission_Guidelines,https://www2.fundsforngos.org/arts-culture/call-for-creative-submissions-kki-april-2026-edition/,https://www2.fundsforngos.org/tag/lebanon/
Entries open for “Wiki Loves Folklore” Global Media Contest,"Deadline: 31-Mar-2026 The Wikimedia Commons Wiki Loves Folklore Global Media Contest invites contributors worldwide to document folk culture through photographs, audio, and video. Prizes range from $50 to $500 across multiple categories, with submissions due by 31 March 2026 under free licenses such as CC BY-SA 4.0. What is the Wiki Loves Folklore Contest? The",Wikimedia Commons,Contributors from anywhere in the world who hold copyright for their submitted media.,31-Mar-2026,view grant link,https://commons.wikimedia.org/wiki/Commons:Wiki_Loves_Folklore_2026,https://www2.fundsforngos.org/arts-culture/entries-open-for-wiki-loves-folklore-global-media-contest/,https://www2.fundsforngos.org/tag/lebanon/
International Travel Fund for Market Development in Australia,"Deadline: 14-Apr-2026 The International Travel Fund supports Australian artists, authors, illustrators, creative workers, and organizations to attend key international market development platforms and events. Grants help cover travel, accommodation, visas, and professional expenses, enabling participants to build global networks, partnerships, and exposure. Funding is offered in fixed amounts of $5,000, $10,000, $15,000, or $20,000, targeting",Creative Australia,,14-Apr-2026,view grant link,https://creative.gov.au/investments-opportunities/international-travel-fund-market-development,https://www2.fundsforngos.org/arts-culture/international-travel-fund-for-market-development-in-australia/,https://www2.fundsforngos.org/tag/lebanon/
Monthly Creative Challenge: Design Something Massive,"Deadline: 24-Mar-2026 The Monthly Creative Challenge invites creators worldwide to explore scale and impact by designing massive structures, creatures, or environments that dominate their surroundings. Participants from any creative field—illustration, 3D art, animation, game design, architecture, motion graphics, web, or digital fashion—can submit original work for recognition and prizes, including a one-year Adobe Creative Cloud",The Rookies,creators worldwide,24-Mar-2026,view grant link,https://www.therookies.co/contests/groups/monthly-art-challenge-colossal,https://www2.fundsforngos.org/arts-culture/monthly-creative-challenge-design-something-massive/,https://www2.fundsforngos.org/tag/lebanon/
Request for Applications: IIE Artist Protection Fund,"Deadline: 31-Dec-2026 The IIE Artist Protection Fund provides fellowships for artists facing serious threats to their lives or practice, offering placements at safe host institutions worldwide. Fellows receive financial support, mentorship, and access to professional networks to continue their work safely. The one-year fellowship encourages applications from underrepresented groups and prioritizes artists at imminent risk",IIE,artists from,31-Dec-2026,view grant link,https://www.iie.org/programs/artist-protection-fund/,https://www2.fundsforngos.org/arts-culture/request-for-applications-iie-artist-protection-fund/,https://www2.fundsforngos.org/tag/lebanon/
Tibetan Arts and Culture Fund 2026 (India),"Deadline: 30-Apr-2026 The Tibetan Arts and Culture Fund (TACF-2026) by the Central Tibetan Administration provides grants of ₹1,00,000 to ₹3,00,000 to support projects preserving and promoting Tibetan arts and culture. Open to individual artists, researchers, and organizations, the fund supports both traditional and contemporary cultural initiatives. Applicants must submit a proposal, budget, and references, with",CTA,"individual artists, researchers, and organizations, the fund supports both traditional and contemporary cultural initiatives. Applicants must submit a proposal, budget, and references, with final selection through a review and interview process.",30-Apr-2026,view grant link,https://tibet.net/tibetan-arts-and-culture-fund-tacf-2026/,https://www2.fundsforngos.org/arts-culture/tibetan-arts-and-culture-fund-2026-india/,https://www2.fundsforngos.org/tag/lebanon/
Translation Funding for Australian Literary Works,"Deadline: 14-Apr-2026 The Creative Australia Translation Fund provides financial support for translating literary works, enabling international publishers to translate Australian creative works and Australian publishers to translate non-English works into English. The fund prioritizes creative writing, narrative non-fiction, and playwriting, supporting global access and cultural exchange. Grants range from AUD $5,000 to $10,000, mainly covering",Creative Australia,to the Translation Fund?,14-Apr-2026,view grant link,https://creative.gov.au/investments-opportunities/translation-fund-literature,https://www2.fundsforngos.org/arts-culture/translation-funding-for-australian-literary-works/,https://www2.fundsforngos.org/tag/lebanon/
Bangkok Business Challenge 2026: Compete for Global Startup Glory,"Deadline: 15-Mar-2026 The Bangkok Business Challenge 2026 invites undergraduate and postgraduate students worldwide to present innovative, investor-ready startup ideas. Participants compete for a total prize pool of USD 42,900, royal trophies, and global recognition through business plan submissions, live pitches, and venture exhibits. What is the Bangkok Business Challenge 2026? The Bangkok Business Challenge 2026",Sasin School of Management,,15-Mar-2026,view grant link,https://bbc.sasin.edu/2026,https://www2.fundsforngos.org/business-industry/bangkok-business-challenge-2026-compete-for-global-startup-glory/,https://www2.fundsforngos.org/tag/lebanon/
UNEP Invites Proposals for National Textile LCI Database Development (India),Deadline: 05-Apr-2026 The United Nations Environment Programme has launched a call for proposals to develop a National Textile Life Cycle Inventory (LCI) Database for India under the InTex Programme. The initiative aims to enable a circular textile economy by improving access to reliable environmental data across the textile value chain. Eligible applicants must be not-for-profit,UNEP,,05-Apr-2026,view grant link,https://www.unep.org/calls-for-proposals,https://www2.fundsforngos.org/business-industry/unep-invites-proposals-for-national-textile-lci-database-development-india/,https://www2.fundsforngos.org/tag/lebanon/
Abdul Hameed Shoman Award for Children’s Literature,"Deadline: 31-Mar-2026 The Abdul Hameed Shoman Foundation invites Arab writers to submit original Arabic literary works for children aged 6–8, focusing on early school experiences such as embarrassment and bullying. Winners receive publication, prize money, and recognition, promoting high-quality children’s literature that supports imagination, emotional development, and cultural identity. Overview The award encourages the creation",Abdul Hameed Shoman Foundation,Prepare your manuscript,31-Mar-2026,view grant link,https://shoman.org/en/ChildrenLiteratureAward,https://www2.fundsforngos.org/children/abdul-hameed-shoman-award-for-childrens-literature/,https://www2.fundsforngos.org/tag/lebanon/
Healthy Lungs for Life Grants Programme 2026,"Deadline: 16-Apr-2026 The Healthy Lungs for Life Grants Programme 2026 provides funding to support initiatives that raise awareness, educate communities, and promote lung health across all age groups. Grants range from €1,000 to €5,000, enabling not-for-profits, healthcare professionals, and community groups to organize impactful projects that focus on prevention, early intervention, and healthy habits. Overview",European Lung Foundation,,16-Apr-2026,view grant link,https://europeanlung.org/en/projects-and-campaigns/healthy-lungs-for-life/hold-your-own-event/apply-for-a-grant/,https://www2.fundsforngos.org/children/healthy-lungs-for-life-grants-programme-2026/,https://www2.fundsforngos.org/tag/lebanon/
“25 to 25: Young and Bold” Competition (Ukraine),"Deadline: 30-Mar-2026 The “25 to 25: Young and Bold” Competition by the Media Development Foundation celebrates young media professionals under 25 who are actively contributing to independent media and community engagement. The program recognizes emerging talent, encourages professional growth, and supports meaningful contributions in journalism, editing, media management, communications, and photography. Nominations are open to",Public Space,"both individuals and editorial offices, highlighting impactful work in media",30-Mar-2026,view grant link,https://www.facebook.com/mdfoundationUA/posts/pfbid0rLVaWWfquxPyoXfywXYPLzeDZzFozK7jB1z4xhrH3kBq6hawZqbhTWWKVjG3VGFcl,https://www2.fundsforngos.org/community-development/25-to-25-young-and-bold-competition-ukraine/,https://www2.fundsforngos.org/tag/lebanon/
Applications open for Youth to the Front Fund,"Deadline: 06-Apr-2026 The Youth to the Front Fund supports young creatives under 30 whose work drives measurable social impact. Projects span arts, performance, film, design, technology, and community interventions, focusing on equity, justice, and systemic change, with opportunities for mentorship, collaboration, and visibility across global networks. About the Fund The Youth to the Front Fund",We Are Family Foundation,,06-Apr-2026,view grant link,https://www.wearefamilyfoundation.org/apply-2026-frontliner,https://www2.fundsforngos.org/community-development/applications-open-for-youth-to-the-front-fund/,https://www2.fundsforngos.org/tag/lebanon/
Call for Applications: Three Dot Dash Program,"Deadline: 19-Mar-2026 The Three Dot Dash Program empowers teenagers leading environmental and community-driven sustainability projects to become Global Teen Leaders. Participants join a year-long leadership development journey, including the 2026 Just Peace Summit in London, mentorship, virtual programming, and a global support network. Applicants must be 13–19 years old, actively leading impactful projects, and committed",We Are Family Foundation,,19-Mar-2026,view grant link,https://www.wearefamilyfoundation.org/three-dot-dash-apply,https://www2.fundsforngos.org/community-development/call-for-applications-three-dot-dash-program/,https://www2.fundsforngos.org/tag/lebanon/
Call for EOIs: Climate-Resilient WASH Services in Karamoja (Uganda),"Deadline: 07-Apr-2026 The UNICEF Uganda WASH Grants 2030 support initiatives that improve water, sanitation, hygiene (WASH), and environmental sustainability for children and families. With an indicative budget of $282,177, the programme focuses on climate-resilient infrastructure, safe hygiene practices, and system strengthening. The goal is to achieve clean, safe, and sustainable communities by 2030. What is",UN Partner Portal,Uganda (selected regions),07-Apr-2026,view grant link,https://www.unpartnerportal.org/landing/opportunities/,https://www2.fundsforngos.org/community-development/call-for-eois-climate-resilient-wash-services-in-karamoja-uganda/,https://www2.fundsforngos.org/tag/lebanon/
Call for Operator to Implement Bouaké Urban Nursery (Côte d’Ivoire),"Deadline: 04-May-2026 The Bouaké Urban Nursery Call for Initiatives seeks an operator to implement a cultural and social innovation space in Bouaké under the Cultures Côte d’Ivoire project. Funded by the French Development Agency, the initiative supports participatory urban development, cultural programming, and creative industries. Eligible applicants include NGOs, associations, and consortiums with strong experience",AFD,and Timeline,04-May-2026,view grant link,https://www.afd.fr/fr/appels-a-projets/pepiniere-urbaine-bouake-cultures-cote-ivoire,https://www2.fundsforngos.org/community-development/call-for-operator-to-implement-bouake-urban-nursery-cote-divoire/,https://www2.fundsforngos.org/tag/lebanon/
Call for Proposals: Citizen Security Research Initiative,"Deadline: 15-Apr-2026 The CSRI invites researchers to submit proposals for projects generating actionable evidence to strengthen justice systems, law enforcement, and community safety. Funding supports pilot studies, full impact evaluations, infrastructure creation, and foundational research, with grants ranging from $75,000 to $400,000. About the Initiative The CSRI aims to inform policies and programs that enhance",IPA,,15-Apr-2026,view grant link,https://poverty-action.org/csri-call-for-proposals,https://www2.fundsforngos.org/community-development/call-for-proposals-citizen-security-research-initiative/,https://www2.fundsforngos.org/tag/lebanon/
CFPs: Women’s and Youth Organizations to Strengthen Communal Peace and Social Cohesion (South Sudan),"Deadline: 31-Mar-2026 The Peace and Community Cohesion III (PaCC) Programme by the United Nations Development Programme and the Government of South Sudan offers multiple funding opportunities for NGOs and CSOs to promote peacebuilding, social cohesion, and community resilience. The programme targets conflict-affected regions with funding across six thematic slots, addressing violence reduction, women’s leadership, reintegration,",UNDP,Areas,31-Mar-2026,view grant link,https://procurement-notices.undp.org/view_notice.cfm?notice_id=98794,https://www2.fundsforngos.org/community-development/cfps-womens-and-youth-organizations-to-strengthen-communal-peace-and-social-cohesion-south-sudan/,https://www2.fundsforngos.org/tag/lebanon/
Growth Fund Supporting Social Innovation Scaling (Ireland),"Deadline: 20-Apr-2026 The Growth Fund 2026–2029 is a €3.6 million funding initiative in Ireland supporting up to three high-performing organisations to scale proven social innovations. Each selected organisation can receive up to €1.15 million, combining financial support with tailored business assistance. The fund focuses on impact-driven projects in areas such as education, health, equality, and",Rethink Ireland,,20-Apr-2026,view grant link,https://rethinkireland.ie/current_fund/growthfund2026/,https://www2.fundsforngos.org/community-development/growth-fund-supporting-social-innovation-scaling-ireland/,https://www2.fundsforngos.org/tag/lebanon/
Micro-Projects Grant Opportunity in Nordhorn-Neuenhaus-Lage (Germany),"Deadline: 01-May-2026 The Nordhorn–Neuenhaus–Lage Micro-Project Funding Programme 2026 provides small grants of up to €2,500 to support community-driven initiatives that improve public spaces and local cohesion. With a total funding pool of €30,000, the programme aims to strengthen civic engagement, social interaction, and village development. Eligible applicants include associations, institutions, parishes, and individuals in the",Samtgemeinde Neuenhaus,,01-May-2026,view grant link,https://www.neuenhaus.de/:translation/en/samtgemeinde-neuenhaus/start/samtgemeinde/aktuelles/neuigkeiten/2026/aufruf-zur-bewerbung-fuer-kleinstvorhaben/,https://www2.fundsforngos.org/community-development/micro-projects-grant-opportunity-in-nordhorn-neuenhaus-lage-germany/,https://www2.fundsforngos.org/tag/lebanon/
Open Call: Gender Empowerment Now! Training Programme,"Deadline: 20-Mar-2026 The UNITAR Gender Empowerment Now! Training Programme – Cycle 6 supports NGO representatives and independent activists in the Middle East and North Africa to strengthen skills in gender equality, women’s empowerment, and peacebuilding. Selected participants will design and facilitate community workshops, develop training materials, and gain practical tools to advance gender mainstreaming within",UNITAR,Eligibility requirements include:,20-Mar-2026,view grant link,https://unitar.org/about/news-stories/news/call-applications-gender-empowerment-now-women-peace-and-security-cycle-6,https://www2.fundsforngos.org/community-development/open-call-gender-empowerment-now-training-programme/,https://www2.fundsforngos.org/tag/lebanon/
RFPs: Promoting Regenerative Agriculture System through Safe Farming Practices (Nepal),"Deadline: 03-Apr-2026 The United Nations Development Programme Nepal, in partnership with Dhangadhi Sub-Metropolitan City, is seeking service providers to operationalize agricultural collection centers and strengthen market linkages. The initiative focuses on green jobs, climate-resilient farming, and sustainable livelihoods under the Green Transition Portfolio. Eligible applicants must have experience in sustainable agriculture, farmer training, and community-based",UNDP,Location:,03-Apr-2026,view grant link,https://procurement-notices.undp.org/view_negotiation.cfm?nego_id=43727,https://www2.fundsforngos.org/community-development/rfps-promoting-regenerative-agriculture-system-through-safe-farming-practices-nepal/,https://www2.fundsforngos.org/tag/lebanon/
Submissions open for the ODI Fellowship Scheme,"Deadline: 31-Mar-2026 The ODI Fellowship Scheme offers fully funded two-year placements for young professionals in global development, providing opportunities to work within government ministries and agencies worldwide. Fellows gain hands-on experience in economic, statistical, and policy roles while strengthening institutional capacity and advancing their careers in development and public sector organizations. About the Scheme The",ODI Global,,31-Mar-2026,view grant link,https://odi.org/en/fellowship-scheme/,https://www2.fundsforngos.org/community-development/submissions-open-for-the-odi-fellowship-scheme/,https://www2.fundsforngos.org/tag/lebanon/
Apply now for Canada Fund for Local Initiatives 2026,"Deadline: 30-Apr-2026 The Canada Fund for Local Initiatives (CFLI) – ASEAN 2026 by Global Affairs Canada supports small-scale, high-impact projects across ASEAN countries. Grants typically range from CAD 20,000 to CAD 40,000, with a maximum of CAD 100,000 per project. The program prioritizes inclusive governance, peace and security, and inclusive economic growth, with strong emphasis",Government of Canada,Measurable outcomes,30-Apr-2026,view grant link,https://www.international.gc.ca/world-monde/funding-financement/cfli-fcil/asean-anase.aspx?lang=eng,https://www2.fundsforngos.org/democracy-good-governance/apply-now-for-canada-fund-for-local-initiatives-2026/,https://www2.fundsforngos.org/tag/lebanon/
7th Edition of the “La Francophonie avec Elles” Fund,"Deadline: 26-Apr-2026 The International Organisation of the Francophonie (OIF) has launched the 7th edition of the “La Francophonie avec Elles” Fund to support socio-economic empowerment of women and girls. The initiative provides grants of up to €100,000 for projects promoting vocational training, entrepreneurship, and sustainable economic opportunities for vulnerable women across OIF member states. Project",OIF,for the Fund?,26-Apr-2026,view grant link,https://www.francophonie.org/index.php/appel-candidatures-7e-edition-fonds-la-francophonie-avec-elles-8391,https://www2.fundsforngos.org/economic-development/7th-edition-of-the-la-francophonie-avec-elles-fund/,https://www2.fundsforngos.org/tag/lebanon/
Call for Proposals:  Innovation Grants 2026 (Philippines),"Deadline: 05-May-2026 The 2026 Innovation Grants in the Philippines provide PHP 100 million in funding for government-led innovation projects under the Philippine Innovation Act (RA 11293). Managed by the Department of Economy, Planning, and Development (DEPDev), the program supports inclusive growth, MSME integration, and solutions benefiting marginalized communities. Eligible public institutions can apply by submitting","Department of Planning, Economy and Development",for the Innovation Grants?,05-May-2026,view grant link,https://www.facebook.com/photo?fbid=1207981411505427&set=pcb.1207981571505411,https://www2.fundsforngos.org/economic-development/call-for-proposals-innovation-grants-2026-philippines/,https://www2.fundsforngos.org/tag/lebanon/
TIAW World of Difference Awards for Women’s Economic Empowerment,"Deadline: 22-May-2026 The International Alliance for Women (TIAW) World of Difference Awards honor individuals and organizations advancing women’s economic empowerment globally. Awards recognize impactful initiatives in entrepreneurship, education, corporate leadership, public sector work, and community projects, with additional lifetime and member-specific recognitions. What Are the TIAW World of Difference Awards? The TIAW World of Difference",The International Alliance for Women,,22-May-2026,view grant link,https://tiaw.org/awards/,https://www2.fundsforngos.org/economic-development/tiaw-world-of-difference-awards-for-womens-economic-empowerment/,https://www2.fundsforngos.org/tag/lebanon/
Advancing Racial Equity in Education Through Research Grants,"Deadline: 04-May-2026 The Spencer Foundation Racial Equity Research Grants Program provides funding of up to $75,000 for research addressing racial inequality in education.It supports rigorous, innovative studies across all education levels worldwide to generate actionable insights and advance educational equity. What is the Program About? The Racial Equity Research Grants Program funds academic research projects",The Spencer Foundation,global applicants,04-May-2026,view grant link,https://www.spencer.org/grant_types/racial-equity-special-research-grants,https://www2.fundsforngos.org/education/advancing-racial-equity-in-education-through-research-grants/,https://www2.fundsforngos.org/tag/lebanon/
Applications open for Educational Scholarship,"Deadline: 17-Apr-2026 The Slow Food Educational Scholarship supports emerging beverage professionals to attend global industry events focused on sustainability, networking, and skill-building. Selected participants gain full event registration, lodging, travel stipends, and mentorship, while deepening knowledge of sustainable practices and the Slow Food values of good, clean, and fair food and beverage. This initiative targets",Slow Food,for the Slow Food Educational Scholarship?,17-Apr-2026,view grant link,https://www.slowfood.com/it/insights/calls-for-proposals/,https://www2.fundsforngos.org/education/applications-open-for-educational-scholarship/,https://www2.fundsforngos.org/tag/lebanon/
AWIU Global Micro-Grants for Women’s Empowerment,"Deadline: 16-Apr-2026 The AWIU Global Micro-Grants program funds grassroots women-led initiatives in low and middle-income countries, focusing on education, health, and entrepreneurship. Grants of up to USD 3,000 support short-term, measurable projects with scalable community impact, enhancing women’s wellbeing and fostering sustainable development. About the Program The AWIU Global Micro-Grants program supports small-scale, high-impact projects",AWIU,,16-Apr-2026,view grant link,https://awiu.org/global-micro-grants/,https://www2.fundsforngos.org/education/awiu-global-micro-grants-for-womens-empowerment/,https://www2.fundsforngos.org/tag/lebanon/
Call for Nominations: UNESCO Prize for Girls’ and Women’s Education,"Deadline: 12-May-2026 The UNESCO Prize for Girls’ and Women’s Education recognizes innovative initiatives that improve educational opportunities for girls and women. Funded by the Government of China, the prize awards two laureates annually with $50,000 USD each to support and expand impactful educational programs. Overview The prize aims to highlight exceptional efforts that: Advance education",UNESCO,,12-May-2026,view grant link,https://www.unesco.org/en/articles/call-nominations-2026-unesco-prize-girls-and-womens-education-now-open,https://www2.fundsforngos.org/education/call-for-nominations-unesco-prize-for-girls-and-womens-education/,https://www2.fundsforngos.org/tag/lebanon/
Entries Open: Intercultural Achievement Award 2026,"Deadline: 31-Mar-2026 The Intercultural Achievement Award 2026, offered by the Austrian Federal Ministry for European and International Affairs, recognizes impactful projects that promote intercultural and interreligious dialogue. Winning initiatives can receive EUR 6,000 per category and must demonstrate innovation, sustainability, and measurable societal impact. Eligible applicants include non-profit organizations, associations, foundations, and private-sector organizations working",Federal Ministry for European and International Affairs,,31-Mar-2026,view grant link,https://www.bmeia.gv.at/en/european-foreign-policy/international-cultural-policy/iaa/call-for-applications,https://www2.fundsforngos.org/education/entries-open-intercultural-achievement-award-2026/,https://www2.fundsforngos.org/tag/lebanon/
Fairways Foundation Grant to support Conservation-Based Projects,"Deadline: 30-Apr-2026 The FairWays Foundation funds conservation-focused projects that promote sustainable environmental practices within golf courses and professional turf or ornamental management. The program supports initiatives related to water conservation, habitat stewardship, and water education that create measurable, long-term environmental impact. Eligible organizations must demonstrate clear strategies, measurable outcomes, and alignment with the foundation’s conservation",The FairWays Foundation,for the grant?,30-Apr-2026,view grant link,https://thefairwaysfoundation.com/apply/,https://www2.fundsforngos.org/education/fairways-foundation-grant-to-support-conservation-based-projects/,https://www2.fundsforngos.org/tag/lebanon/
McKinsey.org Forward Learning Program,"Deadline: 20-Apr-2026 The McKinsey.org Forward Learning Program equips career starters and job changers in the Middle East and Pakistan with practical skills for the future of work. Participants gain training in problem-solving, communication, digital and AI-enabled solutions, adaptability, and workplace well-being through a 10-week structured learning journey. Overview The Forward Learning Program helps participants: Transform",McKinsey.org,,20-Apr-2026,view grant link,https://www.mckinsey.org/our-programs/forward/locations/middle-east-and-pakistan,https://www2.fundsforngos.org/education/mckinsey-org-forward-learning-program/,https://www2.fundsforngos.org/tag/lebanon/
Call for Applications: MCS Foundation Main Grant (UK),"Deadline: 31-Mar-2026 The MCS Foundation Main Grant Call 2026 offers up to £50,000 per project to support innovative solutions that reduce carbon emissions and transform home energy systems across the UK. With a total fund of £400,000, the program prioritizes projects focused on heat pump efficiency, data use, low-carbon commissioning, and retrofit demand. Open to",MCS Foundation,"charities, CICs, and public bodies, the grants aim to accelerate the transition to affordable, energy-efficient, and carbon-free homes.",31-Mar-2026,view grant link,https://mcsfoundation.org.uk/funding/main-grants/,https://www2.fundsforngos.org/environment/call-for-applications-mcs-foundation-main-grant-uk/,https://www2.fundsforngos.org/tag/lebanon/
Submissions open for Climate Curve Prize: Methane,"Deadline: 17-Apr-2026 The Climate Curve Prize: Methane invites innovators to develop solutions that reduce methane emissions from food and waste systems. The global prize provides $25,000 to eight laureates, offering funding, mentorship, and access to climate networks to scale high-impact solutions. About the Prize The Climate Curve Prize: Methane is the first global initiative dedicated",Climate Curve,innovators and change-makers,17-Apr-2026,view grant link,https://www.climatecurve.org/methane,https://www2.fundsforngos.org/environment/submissions-open-for-climate-curve-prize-methane/,https://www2.fundsforngos.org/tag/lebanon/
The Wolfgang Kiessling International Prize for Species Conservation,"Deadline: 01-Jun-2026 The Wolfgang Kiessling International Prize for Species Conservation recognizes exceptional conservation scientists whose work combats the Sixth Mass Extinction and preserves global biodiversity. The 2026 prize awards US$80,000 in unrestricted funding to support continued research and conservation projects, with winners presenting their work at an award ceremony in Washington, DC. Applicants must be",Global Humane Society,for the Wolfgang Kiessling Prize?,01-Jun-2026,view grant link,https://www.globalhumane.org/what-we-do/champion-conservation/,https://www2.fundsforngos.org/environment/the-wolfgang-kiessling-international-prize-for-species-conservation/,https://www2.fundsforngos.org/tag/lebanon/
Call for Submissions: Talent Latent Photography Programme 2026,"Deadline: 12-Apr-2026 The SCAN international photography festival, organised by Tarragona City Council, invites submissions for the Talent Latent program. Emerging photographers worldwide are encouraged to explore the theme Metamorphosis, creating projects that reflect personal, societal, and environmental transformations. Selected works will be exhibited at Tinglado 2, Port of Tarragona, from 16 October to 29 November",SCAN,all nationalities,12-Apr-2026,view grant link,https://scan.cat/en/call-for-submissions-talent-latent/,https://www2.fundsforngos.org/events/call-for-submissions-talent-latent-photography-programme-2026/,https://www2.fundsforngos.org/tag/lebanon/
Submissions Open: International Videominute Contest 2026,"Deadline: 30-Apr-2026 The Universidad de Zaragoza, in collaboration with Cinemaremagnum Servicios Audiovisuales, invites submissions for the XXV International Videominute Contest. The competition encourages creative short audiovisual works under one minute and awards prizes for the best international, Spanish, and Aragonese videominutes, as well as a special equality mention. About the Contest The Area of Culture",Department of Culture and Heritage,all individuals,30-Apr-2026,view grant link,https://cultura.unizar.es/regulations-videominute-international-contest,https://www2.fundsforngos.org/events/submissions-open-international-videominute-contest-2026/,https://www2.fundsforngos.org/tag/lebanon/
Counter Histories Grant: Reframing Puerto Rico Through Photography,"Deadline: 01-Apr-2026 The Counter Histories Fellowship supports photographers and artists engaging with Puerto Rico and its diaspora to reframe history and address urgent contemporary issues. Fellows receive a $10,000 project development grant, participate in virtual programming, and attend an in-person symposium, fostering professional development, collaboration, and the creation of visual archives. About the Fellowship Counter",Magnum Foundation,All skill levels welcome:,01-Apr-2026,view grant link,https://www.magnumfoundation.org/news/counter-histories-puerto-rico-2026-open-call,https://www2.fundsforngos.org/grant/counter-histories-grant-reframing-puerto-rico-through-photography/,https://www2.fundsforngos.org/tag/lebanon/
Call for Proposals: Direct Action Crisis Funding (US),"Deadline: 23-Mar-2026 The American Psychological Foundation (APF) Direct Action Crisis Funding provides urgent support to doctoral students and early-career psychologists who have lost research funding. Grants cover essential project activities like completing data collection, analyzing existing data, writing outputs, closing projects responsibly with community partners, or preparing new proposals. The program prioritizes research that serves",American Psychological Foundation,Why It Matters,23-Mar-2026,view grant link,https://ampsychfdn.org/funding/dacf/,https://www2.fundsforngos.org/health/call-for-proposals-direct-action-crisis-funding-us/,https://www2.fundsforngos.org/tag/lebanon/
Open Call: Design by Biomedical Undergraduate Teams (DEBUT) Challenge – US,"Deadline: 05-Jun-2026 The DEBUT Challenge invites undergraduate student teams to develop innovative biomedical solutions addressing unmet health and clinical needs. Sponsored by the National Institute of Biomedical Imaging and Bioengineering (NIBIB) and VentureWell, this competition emphasizes design innovation, teamwork, technical communication, and market potential. Winning teams receive monetary awards, commercialization training, and recognition at the",VentureWell,,05-Jun-2026,view grant link,https://venturewell.org/debut/,https://www2.fundsforngos.org/health/open-call-design-by-biomedical-undergraduate-teams-debut-challenge-us/,https://www2.fundsforngos.org/tag/lebanon/
Open Call for AstraZeneca Young Health Programme Impact Fellowship,"Deadline: 12-Apr-2026 The Young Health Programme Fellowship supports young leaders aged 18–30 who are driving positive change in health equity, climate impact on well-being, and health systems resilience. Fellows receive grants of USD 10,000–50,000 to implement six- to twelve-month projects and attend the One Young World Summit in Cape Town. The program targets youth in",One Young World,for the fellowship?,12-Apr-2026,view grant link,https://www.oneyoungworld.com/scholarship/astrazeneca-young-health-programme-impact-fellowship,https://www2.fundsforngos.org/health/open-call-for-astrazeneca-young-health-programme-impact-fellowship/,https://www2.fundsforngos.org/tag/lebanon/
Call for Applications: Deloitte Photo Grant Program,"Deadline: 14-Jun-2026 The Deloitte Photo Grant Program 2026 invites photographers under the age of 35 to submit an original photography project idea based on the theme “Proximities.” The winner will receive €25,000 to develop the project, plus exhibition opportunities, international visibility, and covered travel and accommodation in Milan. What is the Deloitte Photo Grant Program",Deloitte,photographers under the age of 35,14-Jun-2026,view grant link,https://deloittephotogrant.com/contests/open-call-2026/,https://www2.fundsforngos.org/individuals/call-for-applications-deloitte-photo-grant-program/,https://www2.fundsforngos.org/tag/lebanon/
Call for Solutions 2026: Empowering Young Climate Innovators,"Deadline: 30-Apr-2026 The Youth4Climate Call for Solutions 2026 is a global funding opportunity for young people aged 18–29 and youth-led organizations working on innovative climate action projects. Eligible applicants can apply for up to USD 30,000 in seed funding, and selected projects must be completed within 24 months. What is the Youth4Climate Call for Solutions",Youth4Climate,both,30-Apr-2026,view grant link,https://community.youth4climate.info/dashboard/call-solutions-2026-0,https://www2.fundsforngos.org/individuals/call-for-solutions-2026-empowering-young-climate-innovators/,https://www2.fundsforngos.org/tag/lebanon/
NYU Stern Climate Economics Journalism Fellowship Program,"Deadline: 20-Apr-2026 The NYU Stern School of Business is accepting applications for the Climate Economics Journalism Fellowship 2026, a fully funded two-day in-person program for journalists worldwide. Held on September 17–18, 2026 in New York City, the fellowship explores the links between climate change, financial markets, and the global economy, with travel stipends of $2,000",NYU Stern,journalists worldwide,20-Apr-2026,view grant link,https://www.stern.nyu.edu/experience-stern/about/departments-centers-initiatives/climate-finance/climate-economics-journalism-fellowship-0,https://www2.fundsforngos.org/individuals/nyu-stern-climate-economics-journalism-fellowship-program/,https://www2.fundsforngos.org/tag/lebanon/
Parkinson’s Research Grant: Supporting Preclinical and Clinical Research,"Deadline: 13-Apr-2026 The Quarterly Research Grant Funding Programme is inviting applications for preclinical and clinical research aimed at slowing, stopping, or reversing Parkinson’s disease progression. The programme supports international applications from academic institutions and commercial organisations, offering up to £250,000 for preclinical research, while clinical trial funding is flexible. About the Opportunity The Quarterly Research",Cure Parkinson’s,,13-Apr-2026,view grant link,https://cureparkinsons.org.uk/research/for-researchers/apply-for-funding/quarterly-research-grant/,https://www2.fundsforngos.org/individuals/parkinsons-research-grant-supporting-preclinical-and-clinical-research/,https://www2.fundsforngos.org/tag/lebanon/
Apply for AI Innovation Challenge to Transform Water Systems,"Deadline: 03-Apr-2026 The Water Council is inviting applications for AI-native technologies that enhance water system management, treatment, and sustainability. Submissions should integrate artificial intelligence at their core to improve prediction, automation, optimization, and decision-making, supporting a cognitive water ecosystem across utilities and industrial applications. Overview This challenge focuses on transforming water systems from reactive, fragmented",The Water Council,,03-Apr-2026,view grant link,https://thewatercouncil.com/open-innovation-programs/,https://www2.fundsforngos.org/information-technology/apply-for-ai-innovation-challenge-to-transform-water-systems/,https://www2.fundsforngos.org/tag/lebanon/
ICT Innovation Programme for Youth Entrepreneurs 2026 (Zambia),"Deadline: 20-Apr-2026 The ZICTA ICT Innovation Programme 2026 supports Zambian youth aged 18–35 in developing and scaling ICT-driven solutions. It offers training, mentorship, and commercialization support to transform innovative ideas into viable businesses. The programme focuses on scalable tech solutions addressing socio-economic challenges. What is the ZICTA ICT Innovation Programme 2026? The ZICTA ICT Innovation",ZICTA,Validate that your idea is ICT-based,20-Apr-2026,view grant link,https://www.zicta.zm/ict-innovation/about,https://www2.fundsforngos.org/information-technology/ict-innovation-programme-for-youth-entrepreneurs-2026-zambia/,https://www2.fundsforngos.org/tag/lebanon/
Open Call for Bellagio Center Residency Program,"Deadline: 20-Mar-2026 The Rockefeller Foundation Bellagio Center Residency Program is accepting applications from leaders, scholars, artists, and practitioners worldwide to advance high-impact projects during a 26-day residency in Lake Como, Italy. Selected residents receive room, board, a private studio, travel support, and access to a global network, with projects expected to align with key themes",The Rockefeller Foundation,leaders from around the world,20-Mar-2026,view grant link,https://www.rockefellerfoundation.org/fellowships-convenings/bellagio-center/residency-program/,https://www2.fundsforngos.org/innovation/open-call-for-bellagio-center-residency-program/,https://www2.fundsforngos.org/tag/lebanon/
YIELD Hub 2026: Advancing Youth Leadership in Health and Rights,"Deadline: 03-Apr-2026 The YIELD Hub 2026 Action Learning Cycles bring together youth-led organizations, funders, researchers, INGOs, and partners to strengthen youth leadership and advance sexual and reproductive health and rights (SRHR). Participants collaborate on defending SRHR progress, sustainable financing, climate-responsive approaches, and meaningful youth partnership, applying lessons to their institutions and sharing insights with the",YIELD Hub,,03-Apr-2026,view grant link,https://yieldhub.global/alc2026/,https://www2.fundsforngos.org/leadership/yield-hub-2026-advancing-youth-leadership-in-health-and-rights/,https://www2.fundsforngos.org/tag/lebanon/
Entries open for the International Pride Awards,"Deadline: 17-Apr-2026 The International Pride Awards are global recognition awards celebrating individuals and organizations advancing LGBTIQ+ equality, inclusion, and human rights. These awards highlight advocacy, policy influence, community support initiatives, and social change efforts. Core Purpose of the Awards 1. Recognize Impactful Contributions Honor individuals and groups creating real change in LGBTIQ+ communities. 2. Promote",International Pride Awards,both individuals and organizations.,17-Apr-2026,view grant link,https://internationalprideawards.org/en/about/,https://www2.fundsforngos.org/lgbtq/entries-open-for-the-international-pride-awards/,https://www2.fundsforngos.org/tag/lebanon/
Nominations open for 2026 Champions of the Earth Award,"Deadline: 15-Apr-2026 The United Nations Development Programme (UNDP) is accepting nominations for the 2026 Champions of the Earth Award, the UN’s highest environmental honor. The award recognizes leaders and organizations implementing impactful solutions to protect and restore the world’s oceans, focusing on pollution prevention, ecosystem restoration, sustainable blue economies, and science-driven cooperation. Overview of the",UNEP,"individuals, governments, and organizations",15-Apr-2026,view grant link,https://www.unep.org/news-and-stories/press-release/ocean-health-focus-nominations-open-uneps-2026-champions-earth-award,https://www2.fundsforngos.org/livelihood/nominations-open-for-2026-champions-of-the-earth-award/,https://www2.fundsforngos.org/tag/lebanon/
Capture the Future: Global Youth Storytelling Initiative for People and Nature,"Deadline: 31-May-2026 UNESCO and vivo have launched the Capture the Future initiative, inviting young people aged 18–35 to share visual stories about human-nature relationships in UNESCO biosphere reserves. Participants can submit photography or short videos that document local actions, traditions, and innovations supporting sustainability and coexistence between people and nature. About the Initiative The initiative",UNESCO,Applicants must have a strong connection to a,31-May-2026,view grant link,https://www.unesco.org/en/articles/unesco-and-vivo-launch-global-youth-visual-storytelling-initiative-capture-future?hub=66369,https://www2.fundsforngos.org/media/capture-the-future-global-youth-storytelling-initiative-for-people-and-nature/,https://www2.fundsforngos.org/tag/lebanon/
Eighth Global Environment Facility Assembly Fellowship Program,"Deadline: 31-Mar-2026 The Earth Journalism Network (EJN) is offering fellowships for five journalists from low- and middle-income countries to cover the Eighth Global Environment Facility (GEF) Assembly in Samarkand, Uzbekistan. Fellows will gain access to high-level discussions on climate finance, adaptation strategies, and environmental partnerships, receive mentorship from senior journalists, and get financial support to",Earth Journalism Network,,31-Mar-2026,view grant link,https://earthjournalism.net/opportunities/fellowships-to-cover-the-eighth-global-environment-facility-gef-assembly-in-samarkand,https://www2.fundsforngos.org/media/eighth-global-environment-facility-assembly-fellowship-program/,https://www2.fundsforngos.org/tag/lebanon/
The Houssian Foundation Daylight Fund (Canada),"Deadline: 14-Apr-2026 The Daylight Fund 2026 provides operating grants of $10,000 to $25,000 to organizations in Canada working to improve safety for women and gender-diverse people. The fund prioritizes initiatives addressing gender-based violence, discrimination, and access to safe housing and support services, especially in underserved and rural communities. Grants will be awarded in summer 2026.",The Houssian Foundation,Canada,14-Apr-2026,view grant link,https://houssianfoundation.org/grants/the-daylight-fund/,https://www2.fundsforngos.org/narcotics-drugs-crime/the-houssian-foundation-daylight-fund-canada/,https://www2.fundsforngos.org/tag/lebanon/
Call for Applications: Connection Grant Program (Canada),"Deadline: 01-May-2026 The Connection Grant Program supports short-term initiatives that foster knowledge exchange and engagement in the social sciences and humanities. Grants fund events, outreach activities, and international collaborations designed to promote interdisciplinary dialogue, intersectoral partnerships, and public engagement. Funding ranges from $10,000 to $50,000, and eligible applicants are affiliated with Canadian postsecondary institutions or",Government of Canada,for a Connection Grant?,01-May-2026,view grant link,https://sshrc-crsh.canada.ca/en/funding/opportunities/connection-grants/2026/competition.aspx,https://www2.fundsforngos.org/research/call-for-applications-connection-grant-program-canada/,https://www2.fundsforngos.org/tag/lebanon/
Call for Applications: TWAS-CSIR Postgraduate Fellowship Programme,"Deadline: 06-May-2026 The TWAS-CSIR Postgraduate Fellowship supports foreign scholars from developing countries to pursue PhD research in emerging science and technology areas in India. The program offers Sandwich and Full-Time Fellowships, providing up to four years of funding at CSIR research laboratories and institutes to strengthen scientific capacity and doctoral research opportunities. Overview The fellowship",TWAS,,06-May-2026,view grant link,https://twas.org/opportunity/twas-csir-postgraduate-fellowship-programme,https://www2.fundsforngos.org/research/call-for-applications-twas-csir-postgraduate-fellowship-programme/,https://www2.fundsforngos.org/tag/lebanon/
Call for Entries: Science and SciLifeLab Prize for Young Scientists,"Deadline: 15-Jul-2026 The SciLifeLab and Science Prize for Young Scientists honors exceptional doctoral research in life sciences, offering winners financial awards, global recognition, and publication opportunities. Each year, four category winners are selected, including a grand prize of USD 30,000, with category winners receiving USD 10,000 each. Winners also gain the chance to present their",Science and SciLifeLab Prize,"all,",15-Jul-2026,view grant link,https://scienceprize.scilifelab.se/,https://www2.fundsforngos.org/research/call-for-entries-science-and-scilifelab-prize-for-young-scientists/,https://www2.fundsforngos.org/tag/lebanon/
Call for Entries: Wellcome Early-Career Awards,"Deadline: 21-Jul-2026 The Wellcome Early-Career Awards provide funding for early-career researchers across any discipline to establish themselves as independent investigators. Grants cover salary and up to £400,000 for research costs, enabling awardees to develop research maturity, transferable skills, and independent research programmes over a period of up to five years. Program Overview The Wellcome Early-Career",Wellcome,is required,21-Jul-2026,view grant link,https://wellcome.org/research-funding/schemes/wellcome-early-career-awards,https://www2.fundsforngos.org/research/call-for-entries-wellcome-early-career-awards/,https://www2.fundsforngos.org/tag/lebanon/
Call for Nominations: Abdul Hameed Shoman Award for Arab Researchers,"Deadline: 31-Mar-2026 The Abdul Hameed Shoman Award supports and promotes high-impact scientific research in the Arab world, inspiring a new generation of Arab researchers. Winners receive $20,000 USD, a trophy, and a certificate, recognizing contributions across six major scientific fields with two topics announced annually per field. Overview The award aims to encourage high-quality research",Abdul Hameed Shoman Foundation,,31-Mar-2026,view grant link,https://shoman.org/en/ResearchersAward,https://www2.fundsforngos.org/research/call-for-nominations-abdul-hameed-shoman-award-for-arab-researchers/,https://www2.fundsforngos.org/tag/lebanon/
Call for Research Proposals: Global DPI Insights Community Fund,"Deadline: 30-Apr-2026 The Center for Financial Inclusion’s Global DPI Insights Community Fund provides research grants of up to USD $50,000 to support studies on the design, implementation, and sustainability of digital public infrastructure (DPI) systems. Grants focus on locally grounded evidence, consumer protection, market competition, and inclusive financial systems. Program Overview The Global DPI Insights",Center for Financial Inclusion,,30-Apr-2026,view grant link,https://www.centerforfinancialinclusion.org/research/2026-call-for-research-proposals/,https://www2.fundsforngos.org/research/call-for-research-proposals-global-dpi-insights-community-fund/,https://www2.fundsforngos.org/tag/lebanon/
Entries open for Falling Walls Lab Accra (Ghana),"Deadline: 04-May-2026 Falling Walls Lab Accra invites students and early-career professionals to present groundbreaking ideas that break barriers in science, technology, and society. The program emphasizes interdisciplinary innovation, social impact, and global knowledge exchange. Applicants must be at least 18 years old, meet academic criteria, submit individually in English, and participate in their closest Lab,",Falling Walls Foundation,to Falling Walls Lab Accra?,04-May-2026,view grant link,https://falling-walls.com/falling-walls-lab-accra-ghana-daad,https://www2.fundsforngos.org/research/entries-open-for-falling-walls-lab-accra-ghana/,https://www2.fundsforngos.org/tag/lebanon/
"Falling Walls Lab Competition: Break Barriers, Shape the Future (Finland)","Deadline: 21-May-2026 Falling Walls Lab is an international platform for students and early-career professionals to present groundbreaking ideas that break barriers in science and society. The program emphasizes innovation, interdisciplinary collaboration, and early-stage solutions across diverse fields. Applicants must meet academic or professional criteria, submit individually in English, and participate in their closest Lab, with",Falling Walls Foundation,to Falling Walls Lab?,21-May-2026,view grant link,https://falling-walls.com/falling-walls-lab-eastern-finland,https://www2.fundsforngos.org/research/falling-walls-lab-competition-break-barriers-shape-the-future-finland/,https://www2.fundsforngos.org/tag/lebanon/
Funding and Support for Negative Emissions Research Projects in Sweden,"Deadline: 31-Aug-2026 The Swedish Energy Agency Negative Emissions Grant 2026 under Industriklivet funds research and development projects focused on permanent negative emissions solutions. With a total budget of ~15 million SEK, the call supports projects involving carbon capture, transport, and geological storage of greenhouse gases. Eligible applicants include universities, research institutes, public sector bodies, and",Energimyndigheten,,31-Aug-2026,view grant link,https://www.energimyndigheten.se/utlysningar/stod-for-forskning-for-negativa-utslapp/,https://www2.fundsforngos.org/research/funding-and-support-for-negative-emissions-research-projects-in-sweden/,https://www2.fundsforngos.org/tag/lebanon/
Paired Early Career Fellowship in Applied Research (India and Germany),"Deadline: 31-Mar-2026 The Paired Early Career Fellowship in Applied Research (PECFAR), offered by the Indo-German Science and Technology Centre, supports early career researchers from India and Germany in collaborative STEM research. Fellows engage in short-term research visits, expand professional networks, and gain financial support for travel and living expenses. This initiative fosters cross-border innovation, institutional",IGSTC,for PECFAR?,31-Mar-2026,view grant link,https://www.igstc.org/home/pecfar_current_call,https://www2.fundsforngos.org/research/paired-early-career-fellowship-in-applied-research-india-and-germany/,https://www2.fundsforngos.org/tag/lebanon/
Post-Doctoral Study Grants for Early-Career Researchers,"Deadline: 31-Mar-2026 he Post-Doctoral Study Grants provide up to €45,000 per year for researchers to advance their careers through focused post-doctoral projects. Funding supports researchers in fields such as Ethology, Paleontology, Archaeology, Anthropology, Psychology, Epistemology, Logic, and Neuroscience, either in France or abroad. What Are the Post-Doctoral Study Grants? The Post-Doctoral Study Grants offer financial",Fyssen Foundation,for the Post-Doctoral Study Grants?,31-Mar-2026,view grant link,https://www.fondationfyssen.fr/en/our-actions/study-grants/,https://www2.fundsforngos.org/research/post-doctoral-study-grants-for-early-career-researchers/,https://www2.fundsforngos.org/tag/lebanon/
Pre-Doctoral and Post-Doctoral Fellowship Grant Program,"Deadline: 08-Jun-2026 The Pre-Doctoral and Post-Doctoral Fellowship Grant Program provides up to $300,000 over three years to support researchers focused on DIPG (Diffuse Intrinsic Pontine Glioma). Fellowships fund research time, foster mentorship, and encourage publication and data sharing to advance understanding, treatment, and potential cures for this rare pediatric brain cancer. What is the Fellowship",ChadTough Defeat DIPG Foundation,"Awards are made to the institution or lab, not directly to the fellow.",08-Jun-2026,view grant link,https://chadtough.org/research/grant-application/,https://www2.fundsforngos.org/research/pre-doctoral-and-post-doctoral-fellowship-grant-program/,https://www2.fundsforngos.org/tag/lebanon/
Apply Now: Gender Equality in HIV Policies and Programming Course,"Deadline: 31-Dec-2026 The Integrating Gender Equality in HIV Policies and Programming Course is a global learning programme designed to strengthen HIV responses by promoting gender equality and women’s empowerment. It provides practical tools to integrate gender into HIV policies, programmes, and interventions. The course is open worldwide and targets government, civil society, and health sector",UN Women,anyone globally,31-Dec-2026,view grant link,https://portal.trainingcentre.unwomen.org/product/gender-equality-in-hiv-policy-and-programming/,https://www2.fundsforngos.org/women-gender/apply-now-gender-equality-in-hiv-policies-and-programming-course/,https://www2.fundsforngos.org/tag/lebanon/
RFAs: Black Women Photographers x Nikon Grant Program,"Deadline: 22-Mar-2026 The Black Women Photographers x Nikon Grant Program provides quarterly grants to Black women photographers, combining $2,500 in funding with professional Nikon camera equipment to support creative development. Each quarter, one photographer receives financial assistance and a Nikon Z6III camera kit with a 24–70mm f/4 lens to help strengthen their photography practice. Overview",Black Women Photographers,Black women photographers and creators,22-Mar-2026,view grant link,https://blackwomenphotographers.com/grant-fund,https://www2.fundsforngos.org/women-gender/rfas-black-women-photographers-x-nikon-grant-program/,https://www2.fundsforngos.org/tag/lebanon/
GTF Olympiad Grants Empowering STEM Talent Worldwide,"Deadline: 15-May-2026 The GTF Olympiad Grants 2026 support organizations worldwide to identify and nurture high-potential STEM students, especially through Olympiads and competitions. Grants range from $20,000 to $50,000, funding training camps, competitions, and talent development initiatives. The programme aims to strengthen the global STEM Olympiad ecosystem and empower the next generation of innovators. What are",Global Talent Fund,Global (open worldwide),15-May-2026,view grant link,https://www.globtalent.org/gtf-olympiad-grants,https://www2.fundsforngos.org/youth-adolescents/gtf-olympiad-grants-empowering-stem-talent-worldwide/,https://www2.fundsforngos.org/tag/lebanon/
Call for Proposals: Polish Development Aid Competition 2026 (Poland),"Deadline: 09-Apr-2026 The Polish Development Aid 2026 competition, launched by the Polish Ministry of Foreign Affairs, funds international development projects focused on governance, health, education, entrepreneurship, and inequality reduction. It supports NGOs, academic institutions, and non-profits in selected countries with defined geographic priorities and exclusions. Funding ranges across regions including Ukraine, Moldova, Palestine, Lebanon, Kenya,",Minister of Foreign Affairs,for Polish Development Aid 2026?,09-Apr-2026,view grant link,https://www.gov.pl/web/dyplomacja/ogloszenie-konkursu-polska-pomoc-rozwojowa-2026,https://www2.fundsforngos.org/economic-development/call-for-proposals-polish-development-aid-competition-2026-poland/,https://www2.fundsforngos.org/category/education/
Applications open for Mediterranean Youth in Audiovisual Field,"Deadline: 18-Mar-2026 The MED-Y.C.I Programme invites 200 young people (ages 18–30) from select Mediterranean regions to participate in a fully funded learning programme focused on audiovisual storytelling, digital creativity, and civic engagement. The initiative combines workshops, peer exchange, and hands-on experiences to strengthen creative, digital, and civic skills while fostering regional collaboration. Overview of the",Interreg,to MED-Y.C.I?,18-Mar-2026,view grant link,https://www.interregnextmed.eu/medyci-launches-a-call-for-applications-for-mediterranean-young-people-in-audiovisual-field/,https://www2.fundsforngos.org/education/applications-open-for-mediterranean-youth-in-audiovisual-field/,https://www2.fundsforngos.org/category/education/
Climate-Resilient Agriculture and Emergency Response (Palestine),"Deadline: 17-Mar-2026 The World Food Programme (WFP) seeks partners to implement climate-resilient agriculture and emergency response initiatives in the West Bank. The program focuses on improving local food production, strengthening livelihoods, supporting vulnerable households, and promoting nutrition-sensitive, climate-smart agricultural practices. Overview of the Initiative WFP is launching a program to enhance agricultural resilience and emergency",UN Partner Portal,Eligible organizations must:,17-Mar-2026,view grant link,https://www.unpartnerportal.org/landing/opportunities/,https://www2.fundsforngos.org/community-development/climate-resilient-agriculture-and-emergency-response-palestine/,https://www2.fundsforngos.org/category/economic-development/
AFRISE Challenge Empowers Young Entrepreneurs to Drive African Economic Growth,"Deadline: 27-Mar-2026 The AFRISE Challenge offers African youth entrepreneurs aged 18–35 a platform to scale innovative ventures across sectors such as healthcare, agriculture, energy, education, and fintech. Participants from select African countries receive mentorship, leadership development, and access to grant and equity funding, culminating in an International Demo Day. The program also provides over $600,000",Concordia University,,27-Mar-2026,view grant link,https://hindsightventures.co/flagship-programs/afrise-challenge-2026,https://www2.fundsforngos.org/economic-development/afrise-challenge-empowers-young-entrepreneurs-to-drive-african-economic-growth/,https://www2.fundsforngos.org/category/economic-development/
Applications open for Blue Economy and Green Sustainability Initiative – Lebanon,"Deadline: 03-Apr-2026 The European Commission is inviting grant applications to boost Lebanon’s blue economy and green sustainability through economic growth, climate resilience, and environmental conservation. Funding supports projects under two lots: Lot 1 focuses on sustainable fisheries, aquaculture, and blue economy SMEs; Lot 2 targets forest restoration, wildfire prevention, and ecosystem management. Grants range from",European Commission,per Lot:,03-Apr-2026,view grant link,https://ec.europa.eu/info/funding-tenders/opportunities/portal/screen/opportunities/prospect-details/184458PROSPECTSEN?isExactMatch=true&status=31094502&order=DESC&pageNumber=1&pageSize=50&sortBy=startDate,https://www2.fundsforngos.org/economic-development/applications-open-for-blue-economy-and-green-sustainability-initiative-lebanon/,https://www2.fundsforngos.org/category/economic-development/
Call for Income Improvement and Economic Inclusion Projects (Morocco),"Deadline: 27-Feb-2026 The National Initiative for Human Development (INDH) – Phase III (2026) has launched a call for proposals in Taroudant Province, Morocco under the Income Improvement Axis. The program offers up to AED 200,000 per project, covering 90% of costs, to support cooperatives and youth or women’s economic groups that create sustainable employment and",Regional Committee for Human Development in Taroudant Province,,27-Feb-2026,view grant link,https://www.maroc.ma/ar/%D8%A7%D9%84%D8%A3%D8%AE%D8%A8%D8%A7%D8%B1/%D8%A8%D8%B1%D9%86%D8%A7%D9%85%D8%AC-%D8%AA%D8%AD%D8%B3%D9%8A%D9%86-%D8%A7%D9%84%D8%AF%D8%AE%D9%84-%D9%88%D8%A7%D9%84%D8%A5%D8%AF%D9%85%D8%A7%D8%AC-%D8%A7%D9%84%D8%A7%D9%82%D8%AA%D8%B5%D8%A7%D8%AF%D9%8A-%D9%84%D9%84%D8%B4%D8%A8%D8%A7%D8%A8-%D8%A8%D8%AA%D8%A7%D8%B1%D9%88%D8%AF%D8%A7%D9%86%D8%AA-%D8%A7%D9%84%D8%A5%D8%B9%D9%84%D8%A7%D9%86-%D8%B9%D9%86-%D9%81%D8%AA%D8%AD-%D8%A8%D8%A7%D8%A8-%D8%AA%D9%82%D8%AF%D9%8A%D9%85-%D8%B7%D9%84%D8%A8%D8%A7%D8%AA-%D8%A7%D9%82%D8%AA%D8%B1%D8%A7%D8%AD-%D9%85%D8%B4%D8%A7%D8%B1%D9%8A%D8%B9,https://www2.fundsforngos.org/economic-development/call-for-income-improvement-and-economic-inclusion-projects-morocco/,https://www2.fundsforngos.org/category/economic-development/
Fondation Nexans Call for Sustainable and Inclusive Energy Projects,"Deadline: 02-Mar-2026 The Fondation Nexans provides grants ranging from €10,000 to €40,000 to international NGOs and associations implementing renewable energy and sustainable electrification projects. The program supports access to energy for underserved communities, technical education, and environmental sustainability initiatives aligned with at least three UN Sustainable Development Goals (SDGs). Priority is given to countries where",Fondation Nexans,"are prioritized where Nexans operates, including:",02-Mar-2026,view grant link,https://fondation.nexans.com/en/Call-for-Projects.html,https://www2.fundsforngos.org/economic-development/fondation-nexans-call-for-sustainable-and-inclusive-energy-projects/,https://www2.fundsforngos.org/category/economic-development/
UNDP Launches Labour-Intensive Short-Term Employment Initiative – Lebanon,"Deadline: 16-Mar-2026 The United Nations Development Programme (UNDP) has launched a Labour-Intensive Short-Term Employment initiative in Tyre and Marjaayoun districts under the Stabilization in Southern Lebanon Project. The initiative provides immediate income support to vulnerable returnees and host communities while rehabilitating infrastructure and restoring public spaces. The intervention has a total budget of USD 190,000",UNDP,,16-Mar-2026,view grant link,https://procurement-notices.undp.org/view_negotiation.cfm?nego_id=43112,https://www2.fundsforngos.org/community-development/undp-launches-labour-intensive-short-term-employment-initiative-lebanon/,https://www2.fundsforngos.org/category/employment-labor/
DWF Foundation Grants for Community Impact,"Deadline: 30-Jun-2026 The DWF Foundation provides grants to registered charities that help individuals, groups, and communities reach their full potential. Funding supports projects in homelessness, health and wellbeing, employability, education, and environment and sustainability, with most grants under £5,000. Eligible organizations must operate in countries where DWF has a presence, including the UK, US, Canada,",DWF Foundation,"Australia, Canada, France, Germany, India, Ireland, Italy, Poland, Qatar, Spain,",30-Jun-2026,view grant link,https://dwfgroup.com/en/about-us/dwf-foundation,https://www2.fundsforngos.org/environment/dwf-foundation-grants-for-community-impact/,https://www2.fundsforngos.org/category/employment-labor/
Open Call: Women in Agriculture Leadership Fellowship Program,"Deadline: 26-Apr-2026 The Women in Agriculture Leadership Program Fellowship empowers African women scientists in agriculture and climate resilience through a two-year, non-residential program. Fellows receive leadership training, mentoring, technical skills development, networking opportunities, and support for gender-responsive, climate-resilient agrifood research. About the Fellowship The Women in Agriculture Leadership Program Fellowship is designed to support African",AWARD,,26-Apr-2026,view grant link,https://awardfellowships.org/news/call-to-apply-for-the-women-in-agriculture-leadership-program-fellowship-for-the-africa-australia-partnership-for-climate-responsive-agriculture/,https://fundsforindividuals.fundsforngos.org/fellowships/open-call-women-in-agriculture-leadership-fellowship-program/,https://fundsforindividuals.fundsforngos.org/type_of_individuals/students/
